Sample,Group,Genotype
LH38_Z1_1,Z1,LH38
LH38_Z1_2,Z1,LH38
LH38_Z1_4,Z1,LH38
LH38_Z2_1,Z2,LH38
LH38_Z2_2,Z2,LH38
LH38_Z2_4,Z2,LH38
LH38_Z3_2,Z3,LH38
LH38_Z3_3,Z3,LH38
LH38_Z3_4,Z3,LH38
LH39_Z1_2,Z1,LH39
LH39_Z1_3,Z1,LH39
LH39_Z1_4,Z1,LH39
LH39_Z2_1,Z2,LH39
LH39_Z2_2,Z2,LH39
LH39_Z2_4,Z2,LH39
LH39_Z3_1,Z3,LH39
LH39_Z3_2,Z3,LH39
LH39_Z3_4,Z3,LH39
A9_Z1_2,Z1,A9
A9_Z1_3,Z1,A9
A9_Z1_4,Z1,A9
A9_Z2_2,Z2,A9
A9_Z2_3,Z2,A9
A9_Z2_4,Z2,A9
A9_Z3_1,Z3,A9
A9_Z3_2,Z3,A9
A9_Z3_4,Z3,A9
787_Z1_1,Z1,787
787_Z1_2,Z1,787
787_Z1_4,Z1,787
787_Z2_1,Z2,787
787_Z2_2,Z2,787
787_Z2_4,Z2,787
787_Z3_1,Z3,787
787_Z3_2,Z3,787
787_Z3_3,Z3,787
IB014_Z1_1,Z1,IB014
IB014_Z1_2,Z1,IB014
IB014_Z1_4,Z1,IB014
IB014_Z2_1,Z2,IB014
IB014_Z2_2,Z2,IB014
IB014_Z2_3,Z2,IB014
IB014_Z3_1,Z3,IB014
IB014_Z3_2,Z3,IB014
IB014_Z3_4,Z3,IB014
PHN11_Z1_1,Z1,PHN11
PHN11_Z1_2,Z1,PHN11
PHN11_Z1_3,Z1,PHN11
PHN11_Z2_1,Z2,PHN11
PHN11_Z2_2,Z2,PHN11
PHN11_Z2_3,Z2,PHN11
PHN11_Z3_1,Z3,PHN11
PHN11_Z3_2,Z3,PHN11
PHN11_Z3_4,Z3,PHN11
PHJ75_Z1_1,Z1,PHJ75
PHJ75_Z1_2,Z1,PHJ75
PHJ75_Z1_4,Z1,PHJ75
PHJ75_Z2_1,Z2,PHJ75
PHJ75_Z2_2,Z2,PHJ75
PHJ75_Z2_3,Z2,PHJ75
PHJ75_Z3_1,Z3,PHJ75
PHJ75_Z3_2,Z3,PHJ75
PHJ75_Z3_3,Z3,PHJ75
PHM10_Z1_2,Z1,PHM10
PHM10_Z1_3,Z1,PHM10
PHM10_Z1_4,Z1,PHM10
PHM10_Z2_2,Z2,PHM10
PHM10_Z2_3,Z2,PHM10
PHM10_Z2_4,Z2,PHM10
PHM10_Z3_2,Z3,PHM10
PHM10_Z3_3,Z3,PHM10
PHM10_Z3_4,Z3,PHM10
LH205_Z1_2,Z1,LH205
LH205_Z1_3,Z1,LH205
LH205_Z1_4,Z1,LH205
LH205_Z2_1,Z2,LH205
LH205_Z2_2,Z2,LH205
LH205_Z2_3,Z2,LH205
LH205_Z3_1,Z3,LH205
LH205_Z3_2,Z3,LH205
LH205_Z3_3,Z3,LH205
PHW51_Z1_2,Z1,PHW51
PHW51_Z1_3,Z1,PHW51
PHW51_Z1_4,Z1,PHW51
PHW51_Z2_2,Z2,PHW51
PHW51_Z2_3,Z2,PHW51
PHW51_Z2_4,Z2,PHW51
PHW51_Z3_2,Z3,PHW51
PHW51_Z3_3,Z3,PHW51
PHW51_Z3_4,Z3,PHW51
B73_Z1_1,Z1,B73
B73_Z1_3,Z1,B73
B73_Z1_4,Z1,B73
B73_Z2_1,Z2,B73
B73_Z2_3,Z2,B73
B73_Z2_4,Z2,B73
B73_Z3_1,Z3,B73
B73_Z3_2,Z3,B73
B73_Z3_4,Z3,B73
A632_Z1_2,Z1,A632
A632_Z1_3,Z1,A632
A632_Z1_4,Z1,A632
A632_Z2_1,Z2,A632
A632_Z2_3,Z2,A632
A632_Z2_4,Z2,A632
A632_Z3_1,Z3,A632
A632_Z3_3,Z3,A632
A632_Z3_4,Z3,A632
Mo17_Z1_1,Z1,Mo17
Mo17_Z1_2,Z1,Mo17
Mo17_Z1_3,Z1,Mo17
Mo17_Z2_1,Z2,Mo17
Mo17_Z2_3,Z2,Mo17
Mo17_Z2_4,Z2,Mo17
Mo17_Z3_1,Z3,Mo17
Mo17_Z3_3,Z3,Mo17
Mo17_Z3_4,Z3,Mo17
LH51_Z1_2,Z1,LH51
LH51_Z1_3,Z1,LH51
LH51_Z1_4,Z1,LH51
LH51_Z2_1,Z2,LH51
LH51_Z2_2,Z2,LH51
LH51_Z2_4,Z2,LH51
LH51_Z3_1,Z3,LH51
LH51_Z3_2,Z3,LH51
LH51_Z3_3,Z3,LH51
LH52_Z1_1,Z1,LH52
LH52_Z1_2,Z1,LH52
LH52_Z1_3,Z1,LH52
LH52_Z2_1,Z2,LH52
LH52_Z2_2,Z2,LH52
LH52_Z2_4,Z2,LH52
LH52_Z3_1,Z3,LH52
LH52_Z3_2,Z3,LH52
LH52_Z3_3,Z3,LH52
E8501_Z1_1,Z1,E8501
E8501_Z1_2,Z1,E8501
E8501_Z1_4,Z1,E8501
E8501_Z2_1,Z2,E8501
E8501_Z2_2,Z2,E8501
E8501_Z2_3,Z2,E8501
E8501_Z3_1,Z3,E8501
E8501_Z3_2,Z3,E8501
E8501_Z3_3,Z3,E8501
LH93_Z1_2,Z1,LH93
LH93_Z1_3,Z1,LH93
LH93_Z1_4,Z1,LH93
LH93_Z2_2,Z2,LH93
LH93_Z2_3,Z2,LH93
LH93_Z2_4,Z2,LH93
LH93_Z3_2,Z3,LH93
LH93_Z3_3,Z3,LH93
LH93_Z3_4,Z3,LH93
PHJ31_Z1_1,Z1,PHJ31
PHJ31_Z1_2,Z1,PHJ31
PHJ31_Z1_4,Z1,PHJ31
PHJ31_Z2_1,Z2,PHJ31
PHJ31_Z2_2,Z2,PHJ31
PHJ31_Z2_4,Z2,PHJ31
PHJ31_Z3_2,Z3,PHJ31
PHJ31_Z3_3,Z3,PHJ31
PHJ31_Z3_4,Z3,PHJ31
PHW20_Z1_2,Z1,PHW20
PHW20_Z1_3,Z1,PHW20
PHW20_Z1_4,Z1,PHW20
PHW20_Z2_2,Z2,PHW20
PHW20_Z2_3,Z2,PHW20
PHW20_Z2_4,Z2,PHW20
PHW20_Z3_2,Z3,PHW20
PHW20_Z3_3,Z3,PHW20
PHW20_Z3_4,Z3,PHW20
W64A_Z1_2,Z1,W64A
W64A_Z1_3,Z1,W64A
W64A_Z1_4,Z1,W64A
W64A_Z2_1,Z2,W64A
W64A_Z2_3,Z2,W64A
W64A_Z2_4,Z2,W64A
W64A_Z3_2,Z3,W64A
W64A_Z3_3,Z3,W64A
W64A_Z3_4,Z3,W64A
